"expert_id","expert_score","expert_total_recommendation","Rate"
"3084",203.899999999999,359,0.567966573816154
"3864",94.8999999999999,152,0.624342105263158
"25525",1.7,8,0.2125
"342",126.4,219,0.577168949771689
"1573",74.5,119,0.626050420168067
"3104",110.4,192,0.574999999999999
"941",64.2000000000001,136,0.472058823529412
"2208",143.3,292,0.490753424657533
"3105",95.2999999999999,179,0.532402234636871
"1708",22,52,0.423076923076923
"1239",47.4,92,0.515217391304348
"303",150.7,260,0.579615384615384
"471",16.8,33,0.509090909090909
"3110",61.9,102,0.60686274509804
"1078",79,144,0.548611111111111
"3077",135.4,239,0.566527196652719
"510",123,223,0.551569506726456
"4527",123.2,225,0.547555555555555
"3082",97.6999999999999,177,0.551977401129943
"3640",6.8,15,0.453333333333333
"3117",90.4999999999999,155,0.583870967741935
"3125",22.4,51,0.43921568627451
"3178",51.6,97,0.531958762886598
"3133",60.7,96,0.632291666666667
"3114",9.5,15,0.633333333333333
"430",72,130,0.553846153846154
"1158",97.2999999999999,171,0.569005847953216
"736",62.7,105,0.597142857142857
"307",45.7,88,0.519318181818182
"3888",0.3,3,0.1
"1702",211.4,368,0.574456521739129
"2073",81.5,126,0.646825396825397
"1855",28.8,53,0.543396226415094
"3127",5.1,8,0.6375
"1736",64.1,96,0.667708333333334
"922",33.9,54,0.627777777777778
"588",37.1,66,0.562121212121212
"3138",39.5,66,0.598484848484849
"1576",8.2,15,0.546666666666667
"1914",25.1,45,0.557777777777778
"4626",17.9,30,0.596666666666667
"208",2,8,0.25
"3490",1,3,0.333333333333333
"3250",6.4,11,0.581818181818182
"746",13.5,23,0.58695652173913
"1346",19.1,42,0.454761904761905
"3519",28.2,54,0.522222222222222
"1735",5.5,19,0.289473684210526
"3339",72.3,150,0.482
"4160",10.6,22,0.481818181818182
"1051",30.7,55,0.558181818181818
"2265",5.4,16,0.3375
"2253",8.9,14,0.635714285714286
"4365",158.5,320,0.495312499999999
"3135",10.7,23,0.465217391304348
"1188",60.8,113,0.538053097345133
"278",42.4,87,0.487356321839081
"3392",2.2,4,0.55
"1721",171.7,273,0.628937728937728
"881",56.7,108,0.525
"3162",15.6,26,0.6
"2146",13,23,0.565217391304348
"3457",97.0999999999999,156,0.622435897435897
"2301",0.5,1,0.5
"3679",20.7,39,0.530769230769231
"3878",77.6,141,0.550354609929078
"3869",28.2,44,0.640909090909091
"7314",8.1,15,0.54
"3566",1.1,3,0.366666666666667
"3483",5,7,0.714285714285714
"22522",0.2,2,0.1
"343",2.4,6,0.4
"856",1.5,2,0.75
"4836",4.5,5,0.9
"3524",9.9,14,0.707142857142857
"221",28.4,59,0.48135593220339
"1652",16.1,23,0.7
"4176",32.5,45,0.722222222222222
"3873",6.5,9,0.722222222222222
"6072",5.6,8,0.7
"1552",25.7,47,0.546808510638298
"6196",26,39,0.666666666666667
"3456",1.4,5,0.28
"847",46,87,0.528735632183908
"6233",50.8,92,0.552173913043479
"3703",21.9,50,0.438
"1298",23,32,0.71875
"15240",14,33,0.424242424242424
"3486",12.4,20,0.62
"4186",4.8,8,0.6
"22466",11.7,15,0.78
"3691",13.4,30,0.446666666666667
"3854",62.1,115,0.54
"1793",44.5,77,0.577922077922078
"15087",17,26,0.653846153846154
"1892",77.3,114,0.678070175438596
"930",60.8,108,0.562962962962963
"14907",53.4,95,0.562105263157895
"4447",23.2,49,0.473469387755102
"3885",11.6,19,0.610526315789474
"3348",60.2,118,0.510169491525424
"1527",72.3,125,0.5784
"1043",29,56,0.517857142857143
"37216",32.2,46,0.7
"3054",134.3,213,0.630516431924882
"603",150,247,0.607287449392712
"3461",20.9,39,0.535897435897436
"1209",22.8,36,0.633333333333333
"3673",35.3,53,0.666037735849057
"765",10.9,24,0.454166666666667
"4035",22.9,48,0.477083333333333
"3153",9.9,16,0.61875
"3296",10.9,21,0.519047619047619
"3014",46.1,72,0.640277777777778
"1157",5.9,17,0.347058823529412
"230",3.1,4,0.775
"2099",19.1,27,0.707407407407407
"1715",34.1,75,0.454666666666667
"1533",18.9,53,0.356603773584906
"1871",22.4,30,0.746666666666667
"3107",18,31,0.580645161290323
"464",31.6,51,0.619607843137255
"4513",12.3,22,0.559090909090909
"1175",10.7,16,0.66875
"3359",35.7,54,0.661111111111111
"1710",109.8,215,0.510697674418604
"14866",111.7,189,0.591005291005291
"1700",1780.79999999995,3467,0.513642918950086
"1711",21.1,40,0.5275
"3267",8.2,24,0.341666666666667
"3139",46.7,98,0.476530612244898
"3420",4.1,11,0.372727272727273
"222",28.3,51,0.554901960784314
"3164",11.5,18,0.638888888888889
"4117",15.1,25,0.604
"4240",17.5,28,0.625
"3677",25.8,55,0.469090909090909
"1045",6.5,9,0.722222222222222
"1046",5.2,10,0.52
"4412",19.1,39,0.48974358974359
"291",32.1,51,0.629411764705883
"286",95.1,170,0.559411764705882
"7463",10.8,16,0.675
"3832",6.3,11,0.572727272727273
"3761",17.3,25,0.692
"735",15.8,29,0.544827586206897
"850",27.6,52,0.530769230769231
"1567",7.7,15,0.513333333333333
"3610",147.8,246,0.600813008130081
"3503",14.8,24,0.616666666666667
"2135",15,26,0.576923076923077
"848",14.6,31,0.470967741935484
"1887",14.1,24,0.5875
"1524",14.6,23,0.634782608695652
"29152",3.2,11,0.290909090909091
"1699",104.5,146,0.715753424657534
"3187",3.8,11,0.345454545454546
"1415",13.7,25,0.548
"4178",32.1,61,0.526229508196721
"871",48.7,70,0.695714285714286
"4246",0.1,1,0.1
"1639",2.2,4,0.55
"3165",22.5,44,0.511363636363636
"1198",7.7,17,0.452941176470588
"3124",31.5,62,0.508064516129032
"458",27.8,53,0.524528301886793
"925",12,19,0.631578947368421
"299",39.2,60,0.653333333333334
"22025",2.6,4,0.65
"3710",24.5,45,0.544444444444445
"1394",24.3,37,0.656756756756757
"3575",8.3,16,0.51875
"3260",37.3,63,0.592063492063492
"1226",5.6,11,0.509090909090909
"2156",13.4,20,0.67
"779",4.1,5,0.82
"1928",5.1,7,0.728571428571429
"853",24.7,44,0.561363636363637
"301",30.2,59,0.511864406779661
"3406",12.2,26,0.469230769230769
"1212",68.4,114,0.6
"4148",19.9,29,0.686206896551724
"3621",7,18,0.388888888888889
"485",31.2,63,0.495238095238096
"3606",13.5,33,0.409090909090909
"4640",44.9,77,0.583116883116883
"4487",25.9,54,0.47962962962963
"1823",11.3,17,0.664705882352941
"1531",21.7,35,0.62
"3803",32.7,58,0.563793103448276
"3217",3.7,8,0.4625
"26561",1.5,2,0.75
"12195",7.6,19,0.4
"1849",2.5,3,0.833333333333333
"879",33.8,60,0.563333333333334
"274",20.5,35,0.585714285714286
"1566",6.2,10,0.62
"3785",15.1,24,0.629166666666667
"763",10.4,20,0.52
"954",0.7,3,0.233333333333333
"1081",16.6,25,0.664
"389",0.7,7,0.1
"3775",22.8,46,0.495652173913044
"373",4.8,8,0.6
"4348",48.5,68,0.713235294117647
"4458",53.8,81,0.664197530864198
"455",1.5,4,0.375
"621",12.7,23,0.552173913043478
"3106",37.5,81,0.462962962962963
"1049",34.5,79,0.436708860759494
"1709",180.499999999999,345,0.5231884057971
"1511",6.2,11,0.563636363636364
"4317",7.6,15,0.506666666666666
"440",21.5,49,0.438775510204082
"4173",29.5,56,0.526785714285715
"4408",16.9,23,0.734782608695652
"3657",41.1,64,0.6421875
"3167",16.9,36,0.469444444444444
"1671",40,63,0.634920634920635
"3097",43.2,104,0.415384615384616
"3006",27.3,43,0.634883720930233
"1674",63.9000000000001,157,0.407006369426752
"1035",93.8,167,0.561676646706587
"3883",3.5,11,0.318181818181818
"4046",23.8,40,0.595
"606",39.5,78,0.506410256410257
"877",14.8,27,0.548148148148148
"4213",28.4,57,0.498245614035088
"25062",2.6,4,0.65
"352",13.8,26,0.530769230769231
"793",5.7,16,0.35625
"8593",257.3,437,0.58878718535469
"949",28.6,58,0.493103448275862
"13455",36.2,64,0.565625
"2215",5,7,0.714285714285714
"3442",6.1,10,0.61
"3432",6,17,0.352941176470588
"3292",3.6,9,0.4
"2309",4,7,0.571428571428571
"1669",51.9,79,0.656962025316456
"22325",5.2,8,0.65
"4128",55.9,101,0.553465346534654
"294",3.8,10,0.38
"1184",4,4,1
"360",24.9,41,0.607317073170732
"865",40.5,68,0.595588235294118
"1219",23.6,44,0.536363636363636
"14935",119.3,183,0.651912568306011
"1712",189.2,354,0.534463276836157
"304",19.1,42,0.454761904761905
"3206",15.3,27,0.566666666666667
"1988",4.9,10,0.49
"1343",5.5,10,0.55
"3897",40.8,68,0.6
"497",35.5,71,0.5
"30301",0.1,1,0.1
"5002",6,9,0.666666666666667
"2091",5.2,7,0.742857142857143
"1091",0.2,2,0.1
"1662",73.9,124,0.595967741935484
"2300",3.6,9,0.4
"1185",26.8,55,0.487272727272727
"1791",5,15,0.333333333333333
"1955",6.3,14,0.45
"1927",7.9,14,0.564285714285714
"2080",11.6,21,0.552380952380952
"4175",54.5,86,0.633720930232558
"3057",111.9,191,0.585863874345549
"1455",39.8,57,0.698245614035088
"2252",60.2,130,0.463076923076923
"1831",69.6,121,0.575206611570248
"4545",11.1,25,0.444
"15211",48.6,71,0.684507042253521
"1704",60.9,112,0.54375
"1732",15.2,31,0.490322580645161
"4086",24.2,33,0.733333333333333
"4309",56.2,87,0.645977011494253
"3134",30.2,58,0.520689655172414
"3154",46.1,76,0.606578947368421
"8729",6.4,10,0.64
"296",48.2,88,0.547727272727273
"3636",59,110,0.536363636363637
"22626",4.5,5,0.9
"3830",32.6,56,0.582142857142857
"3052",56,108,0.518518518518519
"24119",2.2,5,0.44
"22617",6.4,11,0.581818181818182
"4486",33.5,72,0.465277777777778
"1936",55.6000000000001,101,0.550495049504951
"24125",2.8,10,0.28
"2022",5,8,0.625
"713",23.6,46,0.51304347826087
"3485",4,22,0.181818181818182
"1864",65,118,0.550847457627119
"3209",2.3,6,0.383333333333333
"3116",26.1,43,0.606976744186047
"3813",97.2,183,0.531147540983606
"3622",23.3,36,0.647222222222222
"25536",21,31,0.67741935483871
"8663",4.4,9,0.488888888888889
"21958",10.5,18,0.583333333333333
"4225",53.3,93,0.573118279569893
"4617",12.8,28,0.457142857142857
"3502",20.6,42,0.490476190476191
"4481",7.5,17,0.441176470588235
"3144",22.4,71,0.315492957746479
"3112",10.4,23,0.452173913043478
"1530",25.3,45,0.562222222222222
"3173",39.3,78,0.503846153846154
"942",31,60,0.516666666666667
"3305",45.9,92,0.498913043478261
"3274",9.7,21,0.461904761904762
"1460",8.6,17,0.505882352941177
"1717",65.2,108,0.603703703703704
"932",23.1,42,0.55
"3326",7,10,0.7
"869",29.4,51,0.576470588235294
"3568",19.5,35,0.557142857142857
"4989",35.7,59,0.605084745762712
"1497",41.3,70,0.59
"3030",49.1,81,0.606172839506173
"3042",17.6,31,0.567741935483871
"4319",2,4,0.5
"3195",3.9,9,0.433333333333333
"1900",9.6,20,0.48
"1218",25.8,44,0.586363636363636
"3142",22.3,40,0.5575
"2144",37.2,83,0.448192771084338
"2193",19.7,30,0.656666666666667
"851",55.4,95,0.583157894736842
"4245",38.9,66,0.58939393939394
"4516",37.3,74,0.504054054054054
"3199",29.3,58,0.505172413793104
"3802",7.3,10,0.73
"1047",1.8,5,0.36
"2131",2.7,5,0.54
"585",4.7,9,0.522222222222222
"3378",33.7,45,0.748888888888889
"15026",14.3,22,0.65
"3563",7.1,12,0.591666666666667
"3007",18.9,41,0.460975609756098
"4813",6.6,19,0.347368421052631
"3145",19.2,31,0.619354838709677
"13247",11.5,23,0.5
"3970",1.2,5,0.24
"270",12.9,25,0.516
"768",20.6,37,0.556756756756757
"3253",14,31,0.451612903225806
"308",50.1,77,0.650649350649351
"1316",32,58,0.551724137931035
"1399",11.4,18,0.633333333333333
"3498",32.9,65,0.506153846153846
"2137",10.2,22,0.463636363636364
"1923",26.7,43,0.62093023255814
"3352",1.3,4,0.325
"29084",50.9,77,0.661038961038961
"4636",55.5,97,0.572164948453608
"4080",17.5,27,0.648148148148148
"2260",22.8,31,0.735483870967742
"4098",44.1,79,0.558227848101266
"1071",12,23,0.521739130434783
"579",27.5,48,0.572916666666667
"1061",7.3,14,0.521428571428571
"593",12.4,18,0.688888888888889
"1519",32.2,55,0.585454545454546
"4028",4.6,16,0.2875
"3180",7.3,28,0.260714285714286
"259",18.8,26,0.723076923076923
"1262",29.6,57,0.519298245614035
"3480",30,51,0.588235294117647
"1946",12.1,15,0.806666666666667
"777",26.6,38,0.7
"791",55.1,83,0.663855421686747
"379",16.8,28,0.6
"4044",2.5,3,0.833333333333333
"1782",13.3,18,0.738888888888889
"3696",5.1,8,0.6375
"4374",24.1,32,0.753125
"740",58.3,89,0.655056179775281
"619",15.2,22,0.690909090909091
"1866",33.7,54,0.624074074074074
"4612",7.4,19,0.389473684210526
"309",43.7,63,0.693650793650794
"3678",36.1,54,0.668518518518519
"2152",35.5,58,0.612068965517241
"4891",19,31,0.612903225806452
"1666",53.5,100,0.535
"3160",17.3,36,0.480555555555556
"837",25,39,0.641025641025641
"3222",10.1,20,0.505
"754",8,17,0.470588235294118
"292",5.4,12,0.45
"3479",22.8,43,0.530232558139535
"354",20.5,39,0.525641025641026
"1393",16.3,29,0.562068965517241
"6086",14.9,28,0.532142857142857
"3526",18.3,30,0.61
"1856",27.4,51,0.537254901960785
"2312",31.6,50,0.632
"3278",17.3,42,0.411904761904762
"864",76.5,127,0.602362204724409
"1220",23.4,41,0.570731707317073
"4349",73.5,127,0.578740157480315
"3131",13.4,19,0.705263157894737
"2109",29.6,51,0.580392156862745
"5017",8.8,19,0.463157894736842
"3611",16.2,29,0.558620689655172
"3317",9.3,13,0.715384615384615
"4484",3.8,7,0.542857142857143
"759",11.8,20,0.59
"4560",29.2,55,0.530909090909091
"4557",10.1,18,0.561111111111111
"4688",12.7,27,0.47037037037037
"906",31.1,45,0.691111111111111
"3635",2.5,4,0.625
"1641",19.9,39,0.51025641025641
"758",50.1,78,0.642307692307693
"345",22.1,40,0.5525
"24607",2.1,4,0.525
"3325",27.5,48,0.572916666666667
"2101",12.3,22,0.559090909090909
"883",35.8,58,0.617241379310345
"3792",22.3,42,0.530952380952381
"631",22.3,40,0.5575
"2129",5.5,6,0.916666666666667
"1229",17.8,25,0.712
"3932",23.1,38,0.607894736842105
"2259",15.8,26,0.607692307692308
"8968",17.6,36,0.488888888888889
"861",10,23,0.434782608695652
"4866",6.5,13,0.5
"281",98.9999999999999,180,0.55
"4237",23.6,45,0.524444444444445
"1649",25.2,45,0.56
"4924",3.5,8,0.4375
"1816",2.1,4,0.525
"3906",21.1,36,0.586111111111111
"3737",35.6,75,0.474666666666667
"3369",40.1,61,0.657377049180328
"14983",8.2,18,0.455555555555555
"1062",23.4,38,0.615789473684211
"3367",13.2,24,0.55
"3504",12.5,23,0.543478260869565
"1164",14.1,19,0.742105263157895
"1311",4.5,8,0.5625
"3602",8.4,16,0.525
"1249",13.3,22,0.604545454545454
"2088",31.6,46,0.686956521739131
"3316",4,6,0.666666666666667
"2255",29.2,45,0.648888888888889
"14877",58.1,83,0.7
"694",0.3,3,0.1
"839",46.3,75,0.617333333333334
"4744",10.7,14,0.764285714285714
"1553",11.6,21,0.552380952380952
"3505",15.9,30,0.53
"3853",36.7,49,0.748979591836735
"2094",11.9,17,0.7
"738",18.4,31,0.593548387096774
"1230",52.5,87,0.603448275862069
"4548",18.1,23,0.78695652173913
"3261",38,67,0.567164179104478
"3908",60.5,106,0.570754716981132
"3924",8.3,13,0.638461538461539
"1260",38.9,79,0.49240506329114
"22616",66.1,113,0.58495575221239
"4633",15.7,27,0.581481481481481
"3426",36.6,66,0.554545454545455
"4975",1.3,4,0.325
"3291",6.2,11,0.563636363636364
"22322",1.5,5,0.3
"4604",16.8,29,0.579310344827586
"14945",5.6,8,0.7
"4400",9.9,15,0.66
"1072",6.9,13,0.530769230769231
"3435",6.1,12,0.508333333333333
"14483",2.5,4,0.625
"483",11.5,16,0.71875
"3667",5.5,9,0.611111111111111
"2143",14.7,20,0.735
"3053",31.2,52,0.6
"338",69.6,120,0.58
"1074",15.3,23,0.665217391304348
"1211",70,113,0.619469026548673
"4531",30.8,46,0.669565217391304
"3249",5.3,8,0.6625
"1718",120.7,218,0.553669724770641
"3401",1.7,4,0.425
"1672",5.7,9,0.633333333333333
"1272",26.3,44,0.597727272727273
"29548",1.1,3,0.366666666666667
"3943",17,38,0.447368421052632
"3467",23.6,38,0.621052631578947
"1698",28.5,52,0.548076923076923
"534",10.4,21,0.495238095238095
"4711",5.2,18,0.288888888888889
"4217",19.6,35,0.56
"1844",21.7,35,0.62
"4555",29.1,56,0.519642857142857
"3645",14.5,31,0.467741935483871
"4138",32.9,64,0.5140625
"4308",24.9,47,0.529787234042553
"1502",14.6,26,0.561538461538461
"3532",1.3,4,0.325
"3892",16.6,36,0.461111111111111
"827",19.6,32,0.6125
"4277",7.6,9,0.844444444444444
"1716",40.9,61,0.670491803278689
"4459",16.8,21,0.8
"4485",17.5,22,0.795454545454545
"3272",49.8,82,0.607317073170732
"924",43.5,77,0.564935064935065
"3838",4,9,0.444444444444444
"1160",8.3,13,0.638461538461538
"1069",29.6,45,0.657777777777778
"3972",41.6,75,0.554666666666667
"3148",19.9,40,0.4975
"29406",3.5,13,0.269230769230769
"867",11,33,0.333333333333333
"14970",13,23,0.565217391304348
"3500",11.5,22,0.522727272727273
"4375",28.6,50,0.572
"4083",23.3,40,0.5825
"3092",5.9,11,0.536363636363636
"5046",13.5,24,0.5625
"749",17.2,32,0.5375
"3700",1.2,9,0.133333333333333
"4113",18.1,32,0.565625
"3510",33.4,67,0.498507462686567
"3220",16.6,26,0.638461538461538
"3108",39.8,74,0.537837837837838
"587",17.6,32,0.55
"3383",50.7,79,0.641772151898734
"3644",29.9,52,0.575
"4224",26.2,45,0.582222222222223
"1294",34.7,63,0.550793650793651
"4515",10.2,19,0.536842105263158
"3041",21.6,44,0.490909090909091
"945",28,55,0.509090909090909
"8895",1,1,1
"4488",4.3,8,0.5375
"592",10.3,21,0.49047619047619
"1670",75.4,149,0.506040268456376
"3258",26.7,48,0.55625
"1304",22.7,35,0.648571428571429
"4635",20.9,36,0.580555555555555
"2085",5.1,6,0.85
"1822",7.8,13,0.6
"30369",2.2,4,0.55
"3570",14.2,18,0.788888888888889
"4204",18.2,33,0.551515151515152
"245",8.9,20,0.445
"243",2.5,7,0.357142857142857
"1491",21.8,26,0.838461538461538
"4359",4.9,9,0.544444444444445
"13770",27.6,54,0.511111111111111
"757",32.2,62,0.519354838709678
"4145",24.9,43,0.579069767441861
"4541",18.1,35,0.517142857142857
"3156",5.5,9,0.611111111111111
"846",31.9,58,0.55
"756",15.9,24,0.6625
"3709",6.8,14,0.485714285714286
"4433",12.8,29,0.441379310344827
"667",3.4,8,0.425
"630",29.4,55,0.534545454545455
"687",4.7,10,0.47
"1638",19.7,36,0.547222222222222
"4313",17.2,30,0.573333333333333
"2201",0.5,5,0.1
"3099",25.6,60,0.426666666666667
"1731",36.3,60,0.605
"13392",0.2,2,0.1
"1476",15.7,30,0.523333333333333
"3453",1.7,8,0.2125
"693",7.7,15,0.513333333333333
"3323",20.3,34,0.597058823529412
"395",7.1,13,0.546153846153846
"4120",7.7,11,0.7
"3223",16.4,29,0.56551724137931
"4197",30.7,46,0.667391304347826
"3302",33.6,65,0.516923076923077
"3172",112.8,203,0.555665024630541
"685",11.8,23,0.513043478260869
"1646",19.8,37,0.535135135135135
"8598",8.5,9,0.944444444444444
"4255",27.7,41,0.675609756097561
"1550",5.1,8,0.6375
"3415",12.9,18,0.716666666666667
"1794",4.4,11,0.4
"3748",19.3,35,0.551428571428571
"2116",19.3,33,0.584848484848485
"2241",23.5,46,0.510869565217391
"1571",14.6,36,0.405555555555555
"584",11.4,21,0.542857142857143
"3119",22.1,38,0.581578947368421
"829",15.8,32,0.49375
"448",3,8,0.375
"1707",24.3,38,0.639473684210526
"1079",31.7,51,0.621568627450981
"3583",15.3,26,0.588461538461538
"3740",23.7,38,0.623684210526316
"3318",8.3,18,0.461111111111111
"8955",6.6,14,0.471428571428571
"947",4.9,10,0.49
"3783",7.2,15,0.48
"15006",1,3,0.333333333333333
"2317",7.5,10,0.75
"1201",40.7,60,0.678333333333333
"3766",22.6,36,0.627777777777778
"1347",0.1,1,0.1
"1986",10.3,20,0.515
"1116",16.7,26,0.642307692307692
"1933",10.5,16,0.65625
"1877",19.7,29,0.679310344827586
"2311",21.5,35,0.614285714285714
"2019",22,46,0.478260869565218
"4857",16.1,29,0.555172413793103
"3452",81,133,0.609022556390977
"1680",4.4,9,0.488888888888889
"1529",8.3,19,0.436842105263158
"665",14.8,32,0.4625
"4158",11,18,0.611111111111111
"3136",6.9,15,0.46
"1123",2,3,0.666666666666667
"15061",6.5,12,0.541666666666667
"948",6.1,9,0.677777777777778
"876",49.8,79,0.630379746835443
"4236",20.6,32,0.64375
"3161",34.2,66,0.518181818181819
"8655",3.5,9,0.388888888888889
"3567",21.5,34,0.632352941176471
"1192",11.7,20,0.585
"3558",40.8,61,0.668852459016394
"14934",10.9,16,0.68125
"3757",14.7,22,0.668181818181818
"4282",12.4,24,0.516666666666667
"3945",1,2,0.5
"3682",15.3,29,0.527586206896552
"4357",5.3,15,0.353333333333333
"833",11.2,19,0.589473684210526
"690",14.2,24,0.591666666666667
"13572",3.1,4,0.775
"242",2.6,6,0.433333333333333
"1410",7.4,11,0.672727272727273
"1302",13,24,0.541666666666667
"4460",8.5,18,0.472222222222222
"3633",44.3,90,0.492222222222223
"29348",0.1,1,0.1
"4424",6.6,13,0.507692307692308
"4122",8,14,0.571428571428571
"2108",6,13,0.461538461538462
"1546",10.4,17,0.611764705882353
"4013",7.7,12,0.641666666666667
"4582",5.9,12,0.491666666666667
"546",4.7,8,0.5875
"1518",8.8,18,0.488888888888889
"3651",6.3,13,0.484615384615385
"3835",21.3,40,0.5325
"1564",17.1,34,0.502941176470588
"1651",2.5,4,0.625
"3637",1.1,2,0.55
"4222",26.9,44,0.611363636363636
"3931",22.3,34,0.655882352941177
"1937",15.6,31,0.503225806451613
"3118",23.4,41,0.570731707317073
"1187",51.1,81,0.630864197530864
"15014",6.9,15,0.46
"3221",41.9,71,0.590140845070423
"1569",4.5,10,0.45
"288",9.9,20,0.495
"3473",11.6,17,0.682352941176471
"3794",2.5,5,0.5
"3985",18,29,0.620689655172414
"3808",2.7,9,0.3
"13682",5.8,16,0.3625
"3705",33.2,61,0.544262295081967
"4420",3.2,5,0.64
"1500",25.4,40,0.635
"1408",14.9,24,0.620833333333333
"3151",30.5,54,0.564814814814815
"4407",18.4,27,0.681481481481482
"629",35.9,63,0.56984126984127
"3730",3.2,6,0.533333333333333
"3982",15.8,23,0.68695652173913
"11021",2.5,3,0.833333333333333
"24070",1.6,3,0.533333333333333
"3122",9.7,20,0.485
"1054",27.7,47,0.58936170212766
"1320",25.9,46,0.56304347826087
"4161",11.6,17,0.68235294117647
"4685",28.9,53,0.545283018867925
"4061",13.3,19,0.7
"1810",8.7,17,0.511764705882353
"2065",17.7,29,0.610344827586207
"22747",16,32,0.5
"3539",21.7,34,0.638235294117647
"1117",8.5,16,0.53125
"3987",9.7,15,0.646666666666667
"4097",8.2,11,0.745454545454545
"8843",11,18,0.611111111111111
"3662",29.3,51,0.574509803921569
"2134",7.2,10,0.72
"21727",6.4,19,0.336842105263158
"4469",8.9,21,0.423809523809524
"1483",4.4,8,0.55
"2272",10,26,0.384615384615385
"223",9.2,16,0.575
"3523",9.8,19,0.51578947368421
"1896",0.7,3,0.233333333333333
"7286",6.5,14,0.464285714285714
"3273",17.3,27,0.640740740740741
"1361",3.1,5,0.62
"3487",12.6,22,0.572727272727273
"15200",7.4,11,0.672727272727273
"4346",4.9,9,0.544444444444445
"4191",11.5,17,0.676470588235294
"3750",9.4,13,0.723076923076923
"4595",1.2,3,0.4
"1098",19.4,34,0.570588235294118
"1922",3.5,5,0.7
"516",10,12,0.833333333333333
"4431",25.6,52,0.492307692307692
"3347",14.5,31,0.467741935483871
"3157",27.6,53,0.520754716981132
"469",5.8,11,0.527272727272727
"3123",4.4,10,0.44
"668",5.9,18,0.327777777777778
"1862",25.8,47,0.548936170212766
"4854",12.5,30,0.416666666666667
"530",39.4,53,0.743396226415094
"1943",12,21,0.571428571428571
"1919",11.3,15,0.753333333333333
"224",16.5,31,0.532258064516129
"13570",0.6,2,0.3
"27827",0.3,3,0.1
"4770",41.7,73,0.571232876712329
"3512",17.8,32,0.55625
"583",2.4,8,0.3
"4684",13.2,15,0.88
"4735",7.5,12,0.625
"6084",13.6,17,0.8
"2284",4,10,0.4
"1070",15.5,27,0.574074074074074
"3693",26.1,48,0.54375
"290",34.4,70,0.491428571428572
"4315",36.7,64,0.5734375
"1865",4.7,8,0.5875
"722",24.4,37,0.65945945945946
"27732",36.5,57,0.640350877192983
"2153",5.2,8,0.65
"4185",7.8,16,0.4875
"1417",10.6,22,0.481818181818182
"14903",27,39,0.692307692307692
"3111",47.5,90,0.527777777777778
"4893",3.3,15,0.22
"2314",5.3,12,0.441666666666667
"1435",16.3,29,0.562068965517241
"420",42.5,67,0.634328358208955
"277",46.6,89,0.523595505617978
"2076",15.8,25,0.632
"731",8.6,16,0.5375
"5057",6.2,10,0.62
"3431",11.2,22,0.509090909090909
"635",60.4,105,0.575238095238095
"1737",14.2,25,0.568
"3128",61.3,98,0.625510204081633
"4786",13.8,30,0.46
"2303",14.5,25,0.58
"1159",7.1,20,0.355
"1041",42.2,85,0.496470588235294
"1203",9.2,18,0.511111111111111
"1213",8.2,11,0.745454545454545
"3484",5,14,0.357142857142857
"1539",19.2,35,0.548571428571429
"3988",12.7,30,0.423333333333333
"4601",18,35,0.514285714285714
"3713",2.2,6,0.366666666666667
"609",19.1,38,0.502631578947368
"1868",11.1,24,0.4625
"951",23.9,38,0.628947368421053
"3237",13.1,29,0.451724137931034
"21847",11.4,20,0.57
"2008",3.5,6,0.583333333333333
"1858",32.2,49,0.657142857142857
"1797",1.5,2,0.75
"3314",28.9,46,0.628260869565218
"1673",88.6,158,0.560759493670886
"717",4.2,11,0.381818181818182
"3130",8.6,16,0.5375
"1270",34.6,65,0.532307692307692
"1796",27.1,47,0.576595744680851
"1040",9.1,11,0.827272727272727
"1494",11.6,23,0.504347826086956
"15140",13.1,23,0.569565217391304
"29144",4.7,7,0.671428571428571
"1414",6.9,15,0.46
"5031",18.4,27,0.681481481481481
"4821",2.1,3,0.7
"1068",8.3,17,0.488235294117647
"4570",2.2,5,0.44
"2083",10.2,21,0.485714285714286
"3373",13.2,24,0.55
"2102",8,13,0.615384615384615
"3096",5.3,11,0.481818181818182
"4103",28.7,51,0.562745098039216
"1156",3.3,7,0.471428571428571
"15109",5.1,6,0.85
"3624",10.7,18,0.594444444444444
"4512",10.4,24,0.433333333333333
"8928",14.4,24,0.6
"22625",6.8,10,0.68
"4050",9.6,17,0.564705882352941
"866",15.5,26,0.596153846153846
"532",4.4,8,0.55
"4547",7.3,19,0.384210526315789
"2191",46.9,86,0.545348837209303
"4790",13.4,21,0.638095238095238
"669",2.1,3,0.7
"3458",13.9,20,0.695
"3991",4,4,1
"955",19.8,39,0.507692307692308
"279",10.1,19,0.531578947368421
"1826",5.5,8,0.6875
"8818",3.8,9,0.422222222222222
"280",4.8,13,0.369230769230769
"3543",11.6,14,0.828571428571429
"1668",1.3,4,0.325
"1650",2.4,6,0.4
"3472",5.2,9,0.577777777777778
"1080",2.5,6,0.416666666666667
"3285",1.2,4,0.3
"3605",7.8,19,0.410526315789474
"1495",1.2,3,0.4
"4379",3,6,0.5
"913",1,2,0.5
"1048",12.5,13,0.961538461538462
"783",13.8,19,0.726315789473684
"1645",75.1,124,0.605645161290323
"29287",3,4,0.75
"370",36.7,65,0.564615384615385
"1742",22.3,37,0.602702702702703
"2150",17.4,26,0.669230769230769
"3051",19.4,29,0.668965517241379
"3346",17.9,33,0.542424242424242
"3796",11.1,19,0.584210526315789
"4862",9.1,18,0.505555555555556
"4327",7.6,9,0.844444444444444
"1661",59.8,105,0.56952380952381
"1498",40.3,65,0.62
"4350",8.7,14,0.621428571428571
"773",2.1,3,0.7
"2245",12.6,20,0.63
"1358",3.6,9,0.4
"3782",17.1,25,0.684
"3718",4.8,10,0.48
"283",16.5,29,0.568965517241379
"148432",3.1,4,0.775
"1307",16.5,26,0.634615384615385
"4393",20,35,0.571428571428572
"1795",13.9,23,0.604347826086956
"4716",3.6,14,0.257142857142857
"1177",28.1,57,0.492982456140351
"427",8.8,14,0.628571428571428
"1202",41.8,74,0.564864864864865
"3351",6,9,0.666666666666667
"4720",7.7,14,0.55
"1931",13.5,24,0.5625
"317",9.4,14,0.671428571428571
"13777",1.6,6,0.266666666666667
"4289",6.9,15,0.46
"4276",9,21,0.428571428571428
"1563",35.2,61,0.577049180327869
"933",4.8,9,0.533333333333333
"27860",1,1,1
"3049",45.4,84,0.540476190476191
"8954",2.3,7,0.328571428571429
"3518",10.2,14,0.728571428571429
"340",1.5,3,0.5
"1579",8.4,13,0.646153846153846
"1166",8.5,14,0.607142857142857
"14941",2,2,1
"533",10.4,21,0.495238095238095
"870",19.7,33,0.596969696969697
"14847",2,4,0.5
"3141",22.6,39,0.57948717948718
"1405",6.4,10,0.64
"4002",15.3,32,0.478125
"1468",6,13,0.461538461538462
"4052",4.3,7,0.614285714285714
"15083",10.1,17,0.594117647058824
"3098",13.7,25,0.548
"24690",8,15,0.533333333333333
"715",20.5,52,0.394230769230769
"10993",3.8,11,0.345454545454545
"3488",10.8,23,0.469565217391304
"3355",17.3,37,0.467567567567568
"7642",0.2,2,0.1
"7364",0.3,3,0.1
"1163",17.9,28,0.639285714285714
"1392",32,52,0.615384615384615
"4306",8,18,0.444444444444444
"3137",13.7,22,0.622727272727273
"4009",5.8,11,0.527272727272727
"4081",2.6,5,0.52
"4049",9.8,16,0.6125
"625",10.4,18,0.577777777777778
"1008",1.5,2,0.75
"489",46.6000000000001,103,0.45242718446602
"796",8,16,0.5
"3871",3.5,5,0.7
"1857",10.3,16,0.64375
"1643",2.7,9,0.3
"407",9.7,22,0.440909090909091
"3284",1.9,6,0.316666666666667
"1458",14.9,25,0.596
"929",10.5,22,0.477272727272727
"3388",4.2,7,0.6
"3501",1.7,4,0.425
"1112",2.6,4,0.65
"3692",15.7,52,0.301923076923077
"454",13.2,19,0.694736842105263
"661",3.6,9,0.4
"479",0.2,2,0.1
"3755",18.9,26,0.726923076923077
"1404",14.2,21,0.676190476190476
"3965",6.1,16,0.38125
"1492",2.7,9,0.3
"481",5.5,10,0.55
"926",2.2,5,0.44
"3922",30.6,49,0.624489795918367
"2096",22,41,0.536585365853659
"4286",14.9,25,0.596
"3653",18.6,37,0.502702702702703
"4070",3.7,12,0.308333333333333
"2306",7.8,18,0.433333333333333
"459",13.6,23,0.591304347826087
"14844",5.5,12,0.458333333333333
"4256",1.2,4,0.3
"2293",8.1,11,0.736363636363636
"3416",1.5,2,0.75
"3174",16.1,34,0.473529411764706
"3839",7.3,15,0.486666666666667
"1446",3.8,9,0.422222222222222
"4232",21.7,44,0.493181818181818
"2026",2,2,1
"1461",4.3,7,0.614285714285714
"3937",10.6,14,0.757142857142857
"762",22.3,38,0.586842105263158
"3298",69.1,109,0.63394495412844
"3228",2.6,4,0.65
"3527",25.5,45,0.566666666666667
"4258",1.2,3,0.4
"1779",7.4,12,0.616666666666667
"24664",11.5,17,0.676470588235294
"22926",5.4,9,0.6
"3544",18.5,28,0.660714285714286
"1479",15.8,26,0.607692307692308
"3455",5.6,9,0.622222222222222
"3409",9,24,0.375
"3319",10.4,15,0.693333333333333
"1547",7.7,12,0.641666666666667
"284",8.3,13,0.638461538461538
"1228",11.6,16,0.725
"1526",0.5,1,0.5
"632",10.2,23,0.443478260869565
"378",19.1,31,0.616129032258065
"7228",20.9,38,0.55
"4039",5.8,17,0.341176470588235
"4855",3.2,7,0.457142857142857
"2120",5.7,10,0.57
"4149",5.5,6,0.916666666666667
"1981",10.9,23,0.473913043478261
"8833",4.5,16,0.28125
"944",3,5,0.6
"1370",3.6,5,0.72
"1443",6.5,12,0.541666666666667
"7393",13.2,20,0.66
"2269",2.6,4,0.65
"1368",10.4,15,0.693333333333333
"3743",1.6,4,0.4
"7236",2.1,3,0.7
"30328",1.5,2,0.75
"1181",13.7,22,0.622727272727273
"663",24,35,0.685714285714286
"3289",3.5,8,0.4375
"1941",4.7,15,0.313333333333333
"969",2.5,7,0.357142857142857
"3218",1.2,3,0.4
"576",26.8,44,0.609090909090909
"4963",9.6,18,0.533333333333333
"608",13.8,33,0.418181818181818
"724",4.2,12,0.35
"3894",0.7,4,0.175
"2266",15.9,28,0.567857142857143
"444",14.5,31,0.467741935483871
"504",11.5,27,0.425925925925926
"2149",11.4,20,0.57
"3076",13.1,29,0.451724137931034
"3246",13.5,25,0.54
"4961",9.7,20,0.485
"436",3,4,0.75
"1084",1.6,3,0.533333333333333
"1714",10.5,17,0.617647058823529
"3491",4.4,9,0.488888888888889
"2066",37.8,58,0.651724137931035
"4482",4.6,7,0.657142857142857
"3429",28.2,45,0.626666666666667
"1341",3.7,7,0.528571428571429
"1565",3.1,4,0.775
"1913",4.8,11,0.436363636363636
"826",16.6,25,0.664
"4142",2,2,1
"3149",17.5,32,0.546875
"1115",26.4,47,0.561702127659575
"769",37.7,58,0.65
"4285",17,28,0.607142857142857
"882",14.7,18,0.816666666666667
"3181",3.1,6,0.516666666666667
"4263",13.2,26,0.507692307692308
"1890",1.7,8,0.2125
"4157",4.7,7,0.671428571428571
"13675",9.2,12,0.766666666666667
"439",7.8,12,0.65
"1482",8.4,15,0.56
"1052",15.1,26,0.580769230769231
"1351",14,19,0.736842105263158
"4707",14.4,20,0.72
"3655",2,5,0.4
"8594",6.7,13,0.515384615384615
"3722",2,2,1
"4376",9.5,14,0.678571428571429
"1471",8.5,13,0.653846153846154
"662",9.7,17,0.570588235294118
"13919",16.8,38,0.442105263157895
"15196",9.2,11,0.836363636363636
"1924",4.1,5,0.82
"4062",2.1,3,0.7
"1174",3.9,9,0.433333333333333
"711",4.2,9,0.466666666666667
"3812",1.8,9,0.2
"3529",5.8,12,0.483333333333333
"3140",23.2,40,0.58
"2081",2.5,3,0.833333333333333
"4019",1.6,7,0.228571428571429
"3430",12.2,18,0.677777777777778
"3845",14,27,0.518518518518518
"4958",24.6,40,0.615
"1162",18.2,34,0.535294117647059
"433",17.4,27,0.644444444444444
"363",16.4,25,0.656
"4206",7.6,12,0.633333333333333
"4040",2.5,5,0.5
"3185",5.5,7,0.785714285714286
"1063",15.6,30,0.52
"1099",6,13,0.461538461538461
"3509",2.1,6,0.35
"3499",9.1,12,0.758333333333333
"3091",27.6,47,0.587234042553192
"3876",12.3,23,0.534782608695652
"4403",9.1,13,0.7
"14920",4,4,1
"1899",4.2,6,0.7
"4705",20.9,29,0.720689655172414
"7625",2,5,0.4
"3545",4.9,9,0.544444444444444
"4641",13.7,22,0.622727272727273
"3443",14.5,25,0.58
"4632",5,8,0.625
"22672",2,2,1
"1390",4.7,12,0.391666666666667
"1481",13.2,22,0.6
"1784",17.2,36,0.477777777777778
"1172",11,26,0.423076923076923
"3387",3.7,17,0.217647058823529
"426",11,23,0.478260869565217
"502",3.7,10,0.37
"4212",3.3,6,0.55
"1653",4.9,13,0.376923076923077
"872",2.4,7,0.342857142857143
"4042",2,3,0.666666666666667
"15093",2.3,5,0.46
"4218",20.1,31,0.648387096774194
"4170",17.2,29,0.593103448275862
"3115",51.4,79,0.650632911392405
"1812",6.4,15,0.426666666666667
"2287",6.5,8,0.8125
"4210",3.1,13,0.238461538461539
"3929",4.3,12,0.358333333333333
"3193",8.5,20,0.425
"2190",28.7,49,0.585714285714286
"4550",8.7,18,0.483333333333333
"3170",9.4,15,0.626666666666667
"26625",2,4,0.5
"3048",11.1,16,0.69375
"25393",2,2,1
"1926",2.5,5,0.5
"2111",25.1,53,0.473584905660378
"21734",16.9,28,0.603571428571429
"13175",3.2,6,0.533333333333333
"1720",14.5,24,0.604166666666667
"27808",1.4,6,0.233333333333333
"3129",6.8,15,0.453333333333333
"4401",39.9,59,0.676271186440678
"3506",1,3,0.333333333333333
"2246",6.3,14,0.45
"3831",8.4,13,0.646153846153846
"4302",15.8,30,0.526666666666667
"1193",27.1,46,0.589130434782609
"22328",0.6,2,0.3
"1555",9.2,20,0.46
"9880",7.5,13,0.576923076923077
"728",12.6,30,0.42
"15258",0.2,2,0.1
"3927",5.2,8,0.65
"528",12,21,0.571428571428571
"2281",7.2,22,0.327272727272727
"4581",3.3,7,0.471428571428571
"4150",1.5,3,0.5
"13144",1,2,0.5
"1224",15.6,29,0.537931034482759
"3656",29.1,53,0.549056603773585
"4267",12.4,20,0.62
"1499",9,18,0.5
"14080",5.3,8,0.6625
"3012",65.3,110,0.593636363636364
"21665",5.1,6,0.85
"710",9.1,18,0.505555555555556
"860",28.7,50,0.574
"591",18.6,27,0.688888888888889
"2199",4.2,11,0.381818181818182
"467",8.5,13,0.653846153846154
"2186",13.8,20,0.69
"1493",11.1,23,0.482608695652174
"764",8.6,15,0.573333333333333
"1276",32.3,57,0.566666666666667
"2243",29.2,43,0.679069767441861
"9877",3.1,5,0.62
"372",14.8,29,0.510344827586207
"1657",6,14,0.428571428571429
"4540",5.1,8,0.6375
"1701",5.8,22,0.263636363636364
"503",15,25,0.6
"3586",4.9,14,0.35
"4775",12.4,19,0.652631578947368
"27675",1,1,1
"946",25.6,38,0.673684210526316
"1016",4.8,15,0.32
"4099",9,14,0.642857142857143
"3120",15,39,0.384615384615384
"1373",11.2,22,0.509090909090909
"1501",8.8,17,0.517647058823529
"435",13.6,21,0.647619047619048
"29623",1.2,3,0.4
"787",4.6,8,0.575
"755",16.7,22,0.759090909090909
"1426",0.4,5,0.08
"1843",4.5,5,0.9
"2105",7.5,8,0.9375
"7229",2.5,3,0.833333333333333
"950",8,10,0.8
"4202",16.1,31,0.519354838709677
"15182",6.6,10,0.66
"3588",0.7,3,0.233333333333333
"1090",1,2,0.5
"4144",9.4,14,0.671428571428571
"1454",4.6,9,0.511111111111111
"4774",3.8,7,0.542857142857143
"855",22.4,42,0.533333333333333
"928",6,11,0.545454545454545
"2188",26.1,45,0.58
"24686",4,4,1
"14470",6,8,0.75
"1094",4.6,10,0.46
"3282",6.2,12,0.516666666666667
"231",3.5,5,0.7
"2270",11.9,18,0.661111111111111
"3204",9.5,11,0.863636363636364
"1329",12.8,20,0.64
"21976",8.7,12,0.725
"29156",7.8,14,0.557142857142857
"2264",11.8,24,0.491666666666667
"4253",2.5,4,0.625
"3236",13.8,20,0.69
"1891",5.2,10,0.52
"598",13.2,23,0.573913043478261
"4060",15.6,24,0.65
"3955",7,14,0.5
"684",6.5,12,0.541666666666667
"2005",4.2,8,0.525
"4489",4.1,5,0.82
"3820",3.1,6,0.516666666666667
"13238",3.1,4,0.775
"3961",10.3,14,0.735714285714286
"3849",18.3,29,0.631034482758621
"3342",7.3,12,0.608333333333333
"3781",10,16,0.625
"22104",1.6,7,0.228571428571429
"22718",6.3,9,0.7
"2068",12.3,17,0.723529411764706
"3205",4.9,9,0.544444444444445
"374",5.5,10,0.55
"1901",16.6,31,0.535483870967742
"1289",10.5,16,0.65625
"1741",7,14,0.5
"14854",2,5,0.4
"2279",10,13,0.769230769230769
"13263",1.1,2,0.55
"3967",3.6,5,0.72
"3597",2.2,4,0.55
"4553",3.2,5,0.64
"140631",3.1,4,0.775
"3368",7.2,15,0.48
"15025",0.4,4,0.1
"2061",0.3,3,0.1
"3331",9.59999999999999,28,0.342857142857143
"346",30.5,41,0.74390243902439
"7337",0.4,4,0.1
"618",17.3,29,0.596551724137931
"1449",1.3,4,0.325
"3857",2.3,5,0.46
"3363",3.4,7,0.485714285714286
"859",18.4,29,0.63448275862069
"4624",9.8,21,0.466666666666667
"1271",25.8,43,0.6
"3304",5.5,10,0.55
"28932",4.1,7,0.585714285714286
"1846",6.7,9,0.744444444444444
"3627",17.4,32,0.54375
"832",19.4,33,0.587878787878788
"4036",24,38,0.631578947368421
"24647",4.1,5,0.82
"4792",11.2,20,0.56
"3859",3.1,7,0.442857142857143
"3511",16.1,29,0.555172413793103
"2286",8.6,14,0.614285714285714
"1473",11.8,18,0.655555555555555
"3560",8.8,14,0.628571428571428
"4250",2.2,4,0.55
"4056",9.5,16,0.59375
"1462",3.5,8,0.4375
"3365",12.4,22,0.563636363636364
"1339",20.5,29,0.706896551724138
"2115",9.3,15,0.62
"3634",17.8,31,0.574193548387097
"1236",0.3,3,0.1
"461",4.1,10,0.41
"10054",1.1,2,0.55
"1231",11.5,22,0.522727272727273
"3814",5.6,11,0.509090909090909
"3184",1.5,2,0.75
"2263",3.9,8,0.4875
"3947",12.5,23,0.543478260869565
"3593",22.7,35,0.648571428571429
"11004",3.1,5,0.62
"3650",15.7,26,0.603846153846154
"371",7.5,14,0.535714285714286
"22351",2.2,4,0.55
"4331",2.5,5,0.5
"14750",6,12,0.5
"4017",11.3,16,0.70625
"1659",3.6,6,0.6
"1113",5.4,12,0.45
"2296",19.9,36,0.552777777777778
"487",3,5,0.6
"1999",1.1,2,0.55
"4686",11.4,23,0.495652173913043
"1424",2,7,0.285714285714286
"1313",11.9,19,0.626315789473684
"828",44.5,73,0.609589041095891
"355",3.1,6,0.516666666666667
"3765",8.6,23,0.373913043478261
"752",4.2,7,0.6
"1786",5.5,7,0.785714285714286
"4257",6.3,9,0.7
"1713",5.5,9,0.611111111111111
"3936",3,3,1
"3552",12.4,19,0.652631578947368
"28903",9.6,19,0.505263157894737
"1932",2.5,3,0.833333333333333
"1216",4.6,13,0.353846153846154
"272",13.4,24,0.558333333333333
"3190",11.7,23,0.508695652173913
"1792",12.9,28,0.460714285714286
"8803",3,3,1
"4799",16.5,24,0.6875
"4321",6.5,7,0.928571428571429
"893",2.8,6,0.466666666666667
"1076",18.6,37,0.502702702702703
"1863",0.1,1,0.1
"30224",1.7,4,0.425
"3248",20.3,40,0.5075
"3474",4.2,8,0.525
"2119",10,20,0.5
"1240",3.5,4,0.875
"386",4,9,0.444444444444444
"4067",1.8,5,0.36
"1013",2.8,11,0.254545454545455
"1324",4.8,10,0.48
"3121",10,12,0.833333333333333
"626",2.4,6,0.4
"1935",14.4,24,0.6
"1409",13.4,21,0.638095238095238
"2240",9.4,15,0.626666666666667
"1352",11.4,17,0.670588235294118
"2071",11.7,22,0.531818181818182
"4271",2.3,6,0.383333333333333
"2203",3,4,0.75
"1464",18.1,28,0.646428571428571
"9893",8.6,12,0.716666666666667
"3332",2.3,5,0.46
"1182",14.8,28,0.528571428571428
"3381",0.4,4,0.1
"3370",21,35,0.6
"1872",3.2,5,0.64
"830",13.5,22,0.613636363636364
"1496",5.8,10,0.58
"4111",14.5,21,0.69047619047619
"4977",2.2,4,0.55
"1291",9.2,13,0.707692307692308
"282",8.4,13,0.646153846153846
"1798",6.1,12,0.508333333333333
"22874",2,2,1
"3074",30.5,50,0.61
"4190",20.7,37,0.559459459459459
"1723",2.3,5,0.46
"1840",7.3,15,0.486666666666667
"4153",20.9,33,0.633333333333334
"4419",11.6,23,0.504347826086956
"23056",1.2,3,0.4
"2242",3.6,6,0.6
"11075",19.7,38,0.518421052631579
"9986",0.2,2,0.1
"4967",2.7,9,0.3
"209",5.7,9,0.633333333333333
"3150",17.8,30,0.593333333333333
"4791",12.6,20,0.63
"1848",7.2,9,0.8
"770",34.1,80,0.42625
"1248",16.9,31,0.545161290322581
"3321",2.3,5,0.46
"4030",10,15,0.666666666666667
"3658",9.2,18,0.511111111111111
"4644",22,42,0.523809523809524
"22051",2.5,3,0.833333333333333
"3668",32.7,40,0.8175
"1544",3.1,5,0.62
"443",3.6,6,0.6
"531",6.3,10,0.63
"22619",3.1,5,0.62
"4187",4.6,21,0.219047619047619
"1686",3,7,0.428571428571429
"377",12,17,0.705882352941177
"1980",3.6,8,0.45
"4591",2.6,4,0.65
"151461",7.4,20,0.37
"4699",0.5,1,0.5
"14779",6.5,7,0.928571428571429
"4756",2,2,1
"1332",3.6,5,0.72
"356",14.4,26,0.553846153846154
"4168",17.9,28,0.639285714285714
"30284",8.4,14,0.6
"22367",8.1,9,0.9
"4296",3.2,5,0.64
"15183",4.5,7,0.642857142857143
"4259",3.5,4,0.875
"2271",6.6,9,0.733333333333333
"13376",2.1,4,0.525
"4441",30.3,50,0.606
"3723",3,3,1
"1790",5.2,8,0.65
"3925",18.6,21,0.885714285714286
"1036",10.9,18,0.605555555555556
"298",41.7,65,0.641538461538462
"4768",11.2,24,0.466666666666667
"1222",0.5,5,0.1
"3159",14.8,24,0.616666666666667
"14664",0.3,3,0.1
"4336",16.7,29,0.575862068965517
"2185",10.7,24,0.445833333333333
"527",16.5,32,0.515625
"1389",14.2,30,0.473333333333333
"24651",1,3,0.333333333333333
"3833",23,31,0.741935483870968
"22515",2.3,5,0.46
"3837",13.3,27,0.492592592592593
"15155",13.3,21,0.633333333333333
"14927",11.6,26,0.446153846153846
"401",4.5,10,0.45
"4380",8.4,22,0.381818181818182
"692",1.9,6,0.316666666666667
"4580",0.5,1,0.5
"15072",0.2,2,0.1
"22370",3.5,6,0.583333333333333
"1191",19.5,24,0.8125
"4069",7.3,18,0.405555555555556
"4287",9,15,0.6
"4477",7.9,14,0.564285714285714
"923",3.6,6,0.6
"831",2.7,9,0.3
"2121",7.5,13,0.576923076923077
"4092",0.5,2,0.25
"3372",15.4,33,0.466666666666667
"968",2.7,5,0.54
"1180",8.8,14,0.628571428571428
"1861",7.1,18,0.394444444444444
"4475",1.3,4,0.325
"3773",3.5,4,0.875
"3377",9.4,13,0.723076923076923
"24511",3.1,6,0.516666666666667
"4043",7.5,11,0.681818181818182
"347",8.6,20,0.43
"577",10.7,14,0.764285714285714
"3330",2.1,5,0.42
"1789",6.1,9,0.677777777777778
"24107",6.4,12,0.533333333333333
"8602",7.6,9,0.844444444444444
"3816",2.2,4,0.55
"26616",10.5,16,0.65625
"1360",4.3,8,0.5375
"3166",11.9,20,0.595
"1421",10.8,25,0.432
"3399",7,12,0.583333333333333
"3881",26.2,56,0.467857142857143
"25046",2.6,6,0.433333333333333
"3708",17.2,26,0.661538461538461
"3353",6.4,21,0.304761904761905
"241",2,5,0.4
"2205",6.4,11,0.581818181818182
"6138",12,19,0.631578947368421
"4096",9.2,17,0.541176470588235
"3697",11.2,14,0.8
"11027",1.3,4,0.325
"4201",0.1,1,0.1
"1689",5,6,0.833333333333333
"1888",1.6,7,0.228571428571429
"789",10.1,19,0.531578947368421
"2072",0.7,3,0.233333333333333
"4471",7.1,17,0.417647058823529
"1938",3.8,7,0.542857142857143
"1310",1.1,2,0.55
"3152",10.6,19,0.557894736842105
"1259",8.1,14,0.578571428571428
"1660",6.1,9,0.677777777777778
"734",1,1,1
"8578",0.5,1,0.5
"3386",0.5,2,0.25
"1275",14.5,27,0.537037037037037
"229",0.6,2,0.3
"3126",12.2,20,0.61
"22167",1.5,2,0.75
"1097",4.8,8,0.6
"1785",18.4,29,0.63448275862069
"1852",9.8,16,0.6125
"4338",9.7,17,0.570588235294118
"2247",7.2,10,0.72
"441",4.3,8,0.5375
"3938",14,23,0.608695652173913
"727",4.3,9,0.477777777777778
"1911",5.2,10,0.52
"4021",11.4,19,0.6
"1096",0.1,1,0.1
"3632",8.1,12,0.675
"4362",4.7,18,0.261111111111111
"4328",12.5,20,0.625
"707",0.6,4,0.15
"3393",7.7,14,0.55
"4343",4.3,7,0.614285714285714
"4347",3.7,7,0.528571428571429
"14896",4,5,0.8
"14960",6.6,11,0.6
"1839",5.1,7,0.728571428571429
"3608",6.5,16,0.40625
"931",0.7,3,0.233333333333333
"22523",2.2,4,0.55
"3497",3.1,5,0.62
"477",3.2,6,0.533333333333333
"1207",2.7,5,0.54
"4657",4.7,12,0.391666666666667
"1954",0.3,3,0.1
"3907",2.1,4,0.525
"3208",1.5,2,0.75
"3752",8.9,23,0.38695652173913
"4249",20.5,36,0.569444444444444
"4562",2.3,6,0.383333333333333
"4551",9.2,15,0.613333333333333
"4715",2.7,5,0.54
"4574",9.5,14,0.678571428571429
"4525",7.3,19,0.384210526315789
"3736",10.6,15,0.706666666666667
"1075",6.6,9,0.733333333333333
"4303",4.6,10,0.46
"1190",4.2,10,0.42
"388",2.6,4,0.65
"3819",10.9,20,0.545
"3599",8.1,15,0.54
"29356",2,4,0.5
"2123",1,2,0.5
"3992",4.4,10,0.44
"1403",27,56,0.482142857142857
"1422",5.7,9,0.633333333333333
"2248",5.1,8,0.6375
"3721",1.5,2,0.75
"4323",6.1,16,0.38125
"4585",2.9,7,0.414285714285714
"24684",2,2,1
"3424",7.4,18,0.411111111111111
"666",6.7,21,0.319047619047619
"4743",8.9,13,0.684615384615385
"11082",5.5,7,0.785714285714286
"22618",5.4,9,0.6
"1371",4,7,0.571428571428571
"4101",2.5,4,0.625
"466",10.2,18,0.566666666666667
"3966",7.3,10,0.73
"4714",4.2,6,0.7
"2093",0.5,1,0.5
"399",1.1,2,0.55
"868",26.7,39,0.684615384615385
"4974",3,4,0.75
"3549",1.2,3,0.4
"14957",1.1,2,0.55
"404",4.6,11,0.418181818181818
"27788",1.5,3,0.5
"15016",7,8,0.875
"22620",3,3,1
"719",8.7,16,0.54375
"2023",12.1,21,0.576190476190476
"3777",5.2,8,0.65
"1141",7.5,15,0.5
"1258",6.4,13,0.492307692307692
"22528",10.3,17,0.605882352941177
"1992",4.8,10,0.48
"1176",2.1,4,0.525
"4706",14.9,38,0.392105263157895
"7612",4.5,6,0.75
"1391",3.3,11,0.3
"1305",0.3,3,0.1
"4221",20.6,35,0.588571428571429
"29171",3.1,5,0.62
"3468",6.2,14,0.442857142857143
"640",6.3,13,0.484615384615385
"1131",2.7,5,0.54
"2047",1.5,3,0.5
"2050",3.5,5,0.7
"1574",1,3,0.333333333333333
"611",5.6,7,0.8
"3085",8.1,17,0.476470588235294
"814",3.2,5,0.64
"10065",16.7,29,0.575862068965517
"1362",6.3,14,0.45
"664",4.6,7,0.657142857142857
"4369",3.6,5,0.72
"7390",1.5,3,0.5
"27891",9.4,13,0.723076923076923
"14774",6.5,9,0.722222222222222
"1432",1.6,3,0.533333333333333
"1722",7.5,12,0.625
"1925",8.3,13,0.638461538461538
"4461",9.5,14,0.678571428571429
"15238",3,4,0.75
"7252",4.4,8,0.55
"1308",2.7,7,0.385714285714286
"3423",3.5,6,0.583333333333333
"37776",1.5,3,0.5
"449",1.8,5,0.36
"697",0.6,6,0.1
"24682",3.5,4,0.875
"2148",4.5,6,0.75
"1912",0.8,4,0.2
"22717",3.2,6,0.533333333333333
"276",3.2,7,0.457142857142857
"10995",1.1,3,0.366666666666667
"4337",5,10,0.5
"3143",10.1,18,0.561111111111111
"3582",0.1,1,0.1
"1841",2.8,6,0.466666666666667
"3663",4.6,6,0.766666666666667
"1167",2.5,4,0.625
"3787",10.1,11,0.918181818181818
"4418",3,5,0.6
"1472",3.7,10,0.37
"1444",3.1,5,0.62
"4405",18,25,0.72
"4526",20,43,0.465116279069768
"4587",20.6,32,0.64375
"8819",2,4,0.5
"3259",3.2,7,0.457142857142857
"5104",0,1,0
"8996",3.1,5,0.62
"4564",3,8,0.375
"1376",1.4,6,0.233333333333333
"4025",1.5,2,0.75
"714",1.1,2,0.55
"4272",6.6,12,0.55
"3867",4.2,6,0.7
"24120",0.2,2,0.1
"328",0.2,2,0.1
"31787",2.5,3,0.833333333333333
"7591",1.6,5,0.32
"21666",4,4,1
"24692",2,2,1
"15269",2,2,1
"4395",4.1,11,0.372727272727273
"3444",9.4,16,0.5875
"29006",3,5,0.6
"1916",2.9,7,0.414285714285714
"1246",2.3,5,0.46
"428",5.7,13,0.438461538461538
"3445",3.1,4,0.775
"125841",8.7,12,0.725
"14772",1.1,2,0.55
"1854",2.9,7,0.414285714285714
"29556",4,5,0.8
"1243",1.2,3,0.4
"29427",1.5,3,0.5
"24102",1.2,3,0.4
"3747",8.5,13,0.653846153846154
"7283",4.1,6,0.683333333333333
"3990",1.3,4,0.325
"341",3.7,11,0.336363636363636
"3482",2,2,1
"1478",4.6,8,0.575
"3807",3.9,8,0.4875
"22608",3,14,0.214285714285714
"287",3.1,10,0.31
"13674",3,3,1
"3889",6.1,9,0.677777777777778
"4207",2.6,5,0.52
"8580",3.1,4,0.775
"3944",0.2,2,0.1
"1412",11.9,16,0.74375
"4597",1,1,1
"14567",3.4,8,0.425
"1406",4.1,9,0.455555555555555
"13799",2.6,4,0.65
"4825",5.1,6,0.85
"25045",3,3,1
"14067",4,4,1
"3389",1.2,3,0.4
"4372",0.1,1,0.1
"15253",0.3,3,0.1
"1774",1,1,1
"4179",4.4,9,0.488888888888889
"24653",1.1,2,0.55
"4251",17.1,36,0.475
"3822",0.3,3,0.1
"227",7.9,16,0.49375
"22720",3.5,9,0.388888888888889
"332",4.5,13,0.346153846153846
"25523",0,1,0
"22682",1.5,3,0.5
"788",7.4,13,0.569230769230769
"4462",5.5,6,0.916666666666667
"22512",1.1,2,0.55
"8890",3,3,1
"29639",2,2,1
"3880",2.2,4,0.55
"3585",1,3,0.333333333333333
"14749",1.8,6,0.3
"2155",2.1,4,0.525
"29657",1.2,3,0.4
"3211",5.3,9,0.588888888888889
"3780",1.3,4,0.325
"4146",4.5,9,0.5
"4543",2,4,0.5
"4079",3.5,8,0.4375
"3614",2,2,1
"1050",2.2,4,0.55
"3620",12.4,18,0.688888888888889
"683",4.7,8,0.5875
"27809",12.7,23,0.552173913043478
"4301",1.8,6,0.3
"403",2.2,4,0.55
"251",0.5,1,0.5
"3191",4,7,0.571428571428571
"14915",9.5,15,0.633333333333333
"1528",3.7,6,0.616666666666667
"249",7.4,14,0.528571428571428
"2204",3.5,6,0.583333333333333
"4518",2.5,3,0.833333333333333
"13666",18.7,30,0.623333333333333
"445",1.7,4,0.425
"3770",8.5,21,0.404761904761905
"21773",2.5,7,0.357142857142857
"703",10,19,0.526315789473684
"4261",0.1,1,0.1
"24666",0.3,3,0.1
"8564",3.6,5,0.72
"29189",3.6,6,0.6
"2057",2.8,8,0.35
"3574",5,7,0.714285714285714
"2097",2.3,10,0.23
"4264",2.1,4,0.525
"6097",9.5,13,0.730769230769231
"2132",4.6,6,0.766666666666667
"4280",1.1,2,0.55
"29208",0.9,5,0.18
"1572",3.2,19,0.168421052631579
"3400",0.1,1,0.1
"21830",4.1,5,0.82
"1490",1.7,5,0.34
"3147",11.7,19,0.61578947368421
"3676",8.9,15,0.593333333333333
"4722",3,3,1
"9950",0.7,3,0.233333333333333
"1577",1,1,1
"6188",2,2,1
"3603",0.7,7,0.1
"2028",0.5,1,0.5
"13961",1.6,3,0.533333333333333
"3254",6.6,12,0.55
"1439",3.2,7,0.457142857142857
"1978",1,1,1
"1344",8.9,19,0.468421052631579
"4402",5.6,7,0.8
"522",0.2,3,0.0666666666666667
"1993",2.1,4,0.525
"1807",0.1,1,0.1
"3643",2.6,4,0.65
"2274",4.1,8,0.5125
"4704",10.6,21,0.504761904761905
"3823",3.1,4,0.775
"2087",3.9,8,0.4875
"7541",0.4,4,0.1
"3169",4.1,11,0.372727272727273
"28927",0.2,2,0.1
"3434",0.1,1,0.1
"927",7.1,8,0.8875
"22704",0.9,9,0.1
"3619",10.1,16,0.63125
"3993",10.6,26,0.407692307692308
"1578",2.1,12,0.175
"7513",1.1,2,0.55
"15080",0.3,3,0.1
"3789",1.4,5,0.28
"235",3.4,9,0.377777777777778
"29166",2,2,1
"5056",8.5,9,0.944444444444444
"13559",3.1,5,0.62
"1644",0.3,3,0.1
"2197",1.5,6,0.25
"3277",2.4,6,0.4
"3811",3.1,4,0.775
"1350",3.6,5,0.72
"1364",2.5,3,0.833333333333333
"4563",6.8,10,0.68
"748",5.5,6,0.916666666666667
"9956",1.2,3,0.4
"478",2.1,4,0.525
"1558",9.8,18,0.544444444444444
"3852",1.8,5,0.36
"1801",2.5,5,0.5
"2151",8.4,16,0.525
"297",1.2,3,0.4
"31724",3.1,4,0.775
"782",3.1,5,0.62
"29575",2,2,1
"7509",7,9,0.777777777777778
"519",3.5,6,0.583333333333333
"3242",1,4,0.25
"4228",2,2,1
"2267",1.6,3,0.533333333333333
"3989",7.6,14,0.542857142857143
"24675",3.5,5,0.7
"1875",5.9,11,0.536363636363636
"1109",2.2,4,0.55
"2316",7.3,15,0.486666666666667
"1301",7.3,15,0.486666666666667
"25173",3.1,5,0.62
"1165",3.8,11,0.345454545454546
"429",6.6,11,0.6
"89295",0.2,2,0.1
"7458",1,2,0.5
"2062",2.1,3,0.7
"966",1.3,4,0.325
"3361",1.5,6,0.25
"4131",8.1,11,0.736363636363636
"2277",2.4,6,0.4
"4058",9.7,13,0.746153846153846
"790",2.5,5,0.5
"3795",10.7,21,0.509523809523809
"4426",6.9,12,0.575
"605",17.4,35,0.497142857142857
"3727",5.2,9,0.577777777777778
"1221",2,8,0.25
"1114",7.2,10,0.72
"22649",1.1,2,0.55
"4414",1,1,1
"4091",3.6,9,0.4
"15005",4.8,8,0.6
"315",2.7,6,0.45
"4675",3.1,5,0.62
"14001",1.5,2,0.75
"3516",1.6,3,0.533333333333333
"4345",2.5,7,0.357142857142857
"702",2.3,6,0.383333333333333
"4474",1.1,3,0.366666666666667
"3513",2.5,6,0.416666666666667
"10039",2,3,0.666666666666667
"2328",7.5,15,0.5
"3980",1.3,4,0.325
"3964",0.1,1,0.1
"13841",0.3,3,0.1
"581",5.8,11,0.527272727272727
"3884",3.3,7,0.471428571428571
"22133",0.5,1,0.5
"3465",3.1,6,0.516666666666667
"14921",1.1,2,0.55
"3462",1.5,2,0.75
"1509",7,7,1
"15027",1.9,6,0.316666666666667
"785",9.6,15,0.64
"13420",0.2,2,0.1
"22786",0.4,4,0.1
"970",2,2,1
"3168",7.5,12,0.625
"5160",3.6,5,0.72
"2130",2.1,8,0.2625
"919",6.3,12,0.525
"1836",3.1,5,0.62
"15060",11.3,17,0.664705882352941
"2262",6.4,12,0.533333333333333
"3661",5,6,0.833333333333333
"776",6.2,9,0.688888888888889
"7560",2.6,4,0.65
"1199",9.3,14,0.664285714285714
"2110",13.3,16,0.83125
"778",0.2,2,0.1
"4798",10.9,15,0.726666666666667
"3419",2.2,4,0.55
"12183",0.2,2,0.1
"1367",1.3,4,0.325
"1920",3.2,6,0.533333333333333
"4339",2.4,6,0.4
"4055",3.3,6,0.55
"3410",1,1,1
"615",0.3,3,0.1
"3179",5,6,0.833333333333333
"3256",5,6,0.833333333333333
"1430",2.6,5,0.52
"1121",2.2,4,0.55
"3776",4,9,0.444444444444444
"22226",3,4,0.75
"1898",3.5,7,0.5
"3707",3.2,5,0.64
"463",0.2,2,0.1
"2086",4.1,5,0.82
"2147",4.1,6,0.683333333333333
"3577",1.5,3,0.5
"15046",0.2,2,0.1
"244",0.6,2,0.3
"8855",3.8,8,0.475
"3694",2,2,1
"1004",1,1,1
"3946",1.2,3,0.4
"794",2.2,5,0.44
"3196",1.5,2,0.75
"3843",3,3,1
"1681",1.3,4,0.325
"13771",1,2,0.5
"4804",0.7,3,0.233333333333333
"2302",4.3,12,0.358333333333333
"3163",2,2,1
"22653",1,2,0.5
"2074",11.4,21,0.542857142857143
"3790",1.5,2,0.75
"535",4.3,7,0.614285714285714
"7506",0.2,2,0.1
"4198",0.2,2,0.1
"8620",0.3,3,0.1
"4680",1.4,5,0.28
"1921",6,6,1
"4123",5.2,8,0.65
"1568",3.1,4,0.775
"610",6.1,7,0.871428571428571
"4413",2.1,3,0.7
"234",3.8,9,0.422222222222222
"4623",0.6,2,0.3
"310",4.6,7,0.657142857142857
"2305",4,4,1
"252",2.5,3,0.833333333333333
"1274",7.6,10,0.76
"1517",0.7,3,0.233333333333333
"4294",0.8,4,0.2
"695",2,3,0.666666666666667
"4188",2,6,0.333333333333333
"29139",2.5,5,0.5
"4355",5.7,18,0.316666666666667
"254",1,1,1
"314",3.4,7,0.485714285714286
"1918",4.8,8,0.6
"31672",2,2,1
"11015",2,2,1
"7300",5.1,7,0.728571428571429
"24477",1,1,1
"13413",2,2,1
"812",1.4,5,0.28
"438",4.6,6,0.766666666666667
"4284",2.1,4,0.525
"4535",4.5,5,0.9
"27826",2.1,3,0.7
"14511",2.3,5,0.46
"15096",7,8,0.875
"4652",3.6,11,0.327272727272727
"3087",1.9,7,0.271428571428571
"2182",3.7,7,0.528571428571429
"1575",4.4,9,0.488888888888889
"387",2,2,1
"1263",3.5,4,0.875
"1837",7.1,8,0.8875
"29168",1,2,0.5
"4528",7.3,11,0.663636363636364
"15089",4.6,12,0.383333333333333
"520",1.1,2,0.55
"508",2.1,4,0.525
"3767",4.2,7,0.6
"14890",1.1,2,0.55
"24492",2.3,5,0.46
"416",0.3,3,0.1
"22368",0.9,5,0.18
"4473",2.1,5,0.42
"613",3,3,1
"3846",3.8,7,0.542857142857143
"22781",3.5,4,0.875
"1044",4.4,9,0.488888888888889
"8605",2.1,4,0.525
"1648",1.3,5,0.26
"2141",2.2,4,0.55
"3090",1.5,2,0.75
"14852",4.5,5,0.9
"4437",0.5,5,0.1
"12143",4.3,8,0.5375
"4805",1.3,5,0.26
"4708",9.2,19,0.484210526315789
"4184",2,2,1
"4012",6.4,12,0.533333333333333
"15052",6.5,7,0.928571428571429
"4209",0.1,1,0.1
"14279",3.5,4,0.875
"3996",6.7,13,0.515384615384615
"14928",4.8,15,0.32
"34151",0.1,1,0.1
"24479",4.5,7,0.642857142857143
"31633",2.1,3,0.7
"1827",3.1,5,0.62
"873",0.1,1,0.1
"14431",2.2,4,0.55
"4293",1,1,1
"3521",6.1,10,0.61
"14938",4.7,7,0.671428571428571
"4650",0.1,1,0.1
"1285",1.1,3,0.366666666666667
"1132",0.3,3,0.1
"4955",1.6,3,0.533333333333333
"729",1,2,0.5
"4011",2,3,0.666666666666667
"5003",1.6,3,0.533333333333333
"3226",0.2,2,0.1
"24878",1.5,3,0.5
"3197",2.5,3,0.833333333333333
"15147",1.1,2,0.55
"3686",1.6,4,0.4
"3688",3,3,1
"1451",2.3,5,0.46
"1359",1.1,2,0.55
"3684",3,3,1
"15239",1,1,1
"3659",2.3,5,0.46
"1195",2.6,8,0.325
"4194",2.5,4,0.625
"920",1.3,4,0.325
"22660",3.1,4,0.775
"795",2,4,0.5
"1740",2,2,1
"4428",5.6,8,0.7
"2310",1.1,2,0.55
"3685",3.1,5,0.62
"1979",1.5,3,0.5
"15133",9.3,12,0.775
"499",2.5,3,0.833333333333333
"321",9.1,15,0.606666666666667
"30345",3.7,6,0.616666666666667
"1000",2.2,4,0.55
"4266",1.5,2,0.75
"4230",2,2,1
"22684",3.1,4,0.775
"4544",1.5,3,0.5
"4472",1.1,2,0.55
"14972",1.4,5,0.28
"29088",0.5,1,0.5
"3538",10.4,16,0.65
"21746",0.4,4,0.1
"3219",1,1,1
"1781",1,1,1
"1288",1.2,3,0.4
"1142",7.4,12,0.616666666666667
"1416",2.1,3,0.7
"24685",2,3,0.666666666666667
"14968",0.3,3,0.1
"2234",0.1,1,0.1
"2055",0.1,1,0.1
"364",4.8,8,0.6
"1145",0.4,4,0.1
"2122",3.3,6,0.55
"3642",1.1,2,0.55
"1059",0,3,0
"2136",0.5,1,0.5
"385",2.7,5,0.54
"1956",0.8,7,0.114285714285714
"14260",1.6,5,0.32
"7664",1,1,1
"4404",4.6,7,0.657142857142857
"3626",0.5,1,0.5
"3735",1.5,3,0.5
"22904",0.1,1,0.1
"22324",3,3,1
"29367",0.8,4,0.2
"509",1.4,5,0.28
"9934",0.5,2,0.25
"13802",1.2,3,0.4
"27855",2.1,4,0.525
"3788",0,1,0
"24097",1.5,2,0.75
"25428",0.2,2,0.1
"2051",0.1,1,0.1
"326",0.2,2,0.1
"350",1.1,3,0.366666666666667
"7691",2,3,0.666666666666667
"3729",1,2,0.5
"8730",1,1,1
"3334",4.7,7,0.671428571428571
"3175",1,1,1
"7514",1.1,2,0.55
"1642",0.2,2,0.1
"24606",2,4,0.5
"1995",1.1,2,0.55
"29727",0.1,1,0.1
"14537",0.5,7,0.0714285714285714
"22785",0.1,1,0.1
"4262",7.1,9,0.788888888888889
"2020",1,3,0.333333333333333
"15023",5.2,12,0.433333333333333
"3440",1.2,3,0.4
"4519",1.1,2,0.55
"518",1.6,3,0.533333333333333
"7253",1,1,1
"857",3.7,6,0.616666666666667
"1733",0.2,2,0.1
"23057",2,2,1
"3664",3.4,7,0.485714285714286
"3238",1,1,1
"3013",2,2,1
"4107",0.2,2,0.1
"35353",1,1,1
"2291",0.4,4,0.1
"1189",1.2,4,0.3
"36708",0.2,2,0.1
"2183",1.6,4,0.4
"1411",1.4,5,0.28
"24667",3.2,5,0.64
"3576",0.5,1,0.5
"3158",0.5,1,0.5
"22363",5,7,0.714285714285714
"3920",0.5,1,0.5
"13279",4.3,7,0.614285714285714
"24064",7,7,1
"13752",2,2,1
"3536",1,1,1
"2176",1,2,0.5
"2112",2,2,1
"22931",1,3,0.333333333333333
"14873",1,2,0.5
"4976",1.2,4,0.3
"1385",0.2,2,0.1
"3555",2.2,5,0.44
"3919",2.2,4,0.55
"13475",1,1,1
"7637",4,4,1
"1545",1.5,2,0.75
"1300",2.9,8,0.3625
"3739",1.1,2,0.55
"4434",2.1,3,0.7
"744",0.1,1,0.1
"3950",3,3,1
"4118",1.5,2,0.75
"22290",1.2,3,0.4
"27703",1.5,2,0.75
"15263",1.7,4,0.425
"4470",4.7,8,0.5875
"1991",1,1,1
"28907",1,1,1
"26557",0,1,0
"31732",1.5,2,0.75
"472",1.1,4,0.275
"22744",0.3,3,0.1
"1353",1.2,4,0.3
"3268",1.1,2,0.55
"4600",4.1,5,0.82
"24474",0.3,3,0.1
"1120",2.2,4,0.55
"1751",0.5,1,0.5
"4125",0.1,1,0.1
"3466",4.1,5,0.82
"10892",1,1,1
"2100",1.1,2,0.55
"3266",0.7,3,0.233333333333333
"21970",3.1,4,0.775
"21972",3.1,4,0.775
"31500",0,3,0
"25512",1.3,4,0.325
"1825",3.1,4,0.775
"22513",5,5,1
"2069",1.1,2,0.55
"1824",2.5,7,0.357142857142857
"29105",3,3,1
"3879",2.7,5,0.54
"2064",2.5,3,0.833333333333333
"1787",3.1,4,0.775
"4288",0.2,2,0.1
"8586",1.1,2,0.55
"2174",1,2,0.5
"22745",0.1,1,0.1
"29343",1,2,0.5
"3340",0.1,1,0.1
"8946",2.6,4,0.65
"2002",1,2,0.5
"8826",0.1,3,0.0333333333333333
"25508",3.1,4,0.775
"3404",1,1,1
"24649",1.1,2,0.55
"14987",1.1,2,0.55
"37229",1.1,2,0.55
"9895",2,2,1
"965",1.1,2,0.55
"2142",4.2,6,0.7
"995",4.8,8,0.6
"2114",0.2,2,0.1
"22621",1,1,1
"1469",5.3,8,0.6625
"4242",0.2,2,0.1
"1425",1.5,2,0.75
"6199",3,4,0.75
"745",1.5,2,0.75
"2283",0.1,1,0.1
"1322",1,2,0.5
"15069",2,2,1
"7644",0.1,1,0.1
"2138",0.5,1,0.5
"7602",1.5,2,0.75
"4383",2,2,1
"3689",0.5,2,0.25
"4465",0.2,2,0.1
"4283",2,2,1
"14929",1,2,0.5
"4556",1,3,0.333333333333333
"3910",1.2,4,0.3
"4169",1,1,1
"1245",1,1,1
"3979",1.1,3,0.366666666666667
"3799",0.5,1,0.5
"11037",0.5,1,0.5
"2326",0.4,4,0.1
"5011",0.1,1,0.1
"1640",3.5,6,0.583333333333333
"1551",0.1,1,0.1
"4454",1,1,1
"1508",0.7,3,0.233333333333333
"15102",2,2,1
"24514",2,2,1
"29135",1,2,0.5
"5153",1.1,2,0.55
"708",2,2,1
"24530",1,2,0.5
"29155",1.5,5,0.3
"22675",1,2,0.5
"3441",3.5,5,0.7
"27640",2,2,1
"21979",1.3,4,0.325
"25013",0.5,1,0.5
"12162",1,2,0.5
"3720",1.3,4,0.325
"7384",1.1,2,0.55
"3870",1,2,0.5
"3809",1,2,0.5
"4333",0.1,1,0.1
"8703",2,2,1
"2063",2,3,0.666666666666667
"232",3,4,0.75
"22783",3,3,1
"2014",0,1,0
"366",0.5,1,0.5
"3293",0.1,1,0.1
"349",0.5,3,0.166666666666667
"31726",1,1,1
"24053",1,1,1
"25391",0.2,2,0.1
"4959",0.1,1,0.1
"3836",2.1,4,0.525
"29169",0.5,1,0.5
"3460",0.1,1,0.1
"686",0.1,1,0.1
"1382",2.2,4,0.55
"3089",0.1,1,0.1
"1427",2,2,1
"2290",1.2,3,0.4
"721",0.2,2,0.1
"22973",2,2,1
"10977",0,1,0
"22221",0.2,2,0.1
"21974",4.3,7,0.614285714285714
"14018",0.2,2,0.1
"2106",1.7,4,0.425
"324",1.5,2,0.75
"4247",2.1,3,0.7
"1005",0,1,0
"29149",1.5,2,0.75
"29215",1,1,1
"305",1.5,2,0.75
"10000",1,1,1
"14309",1,1,1
"3294",2,2,1
"22863",1,1,1
"6094",0.1,1,0.1
"3829",1.5,2,0.75
"5004",1.1,2,0.55
"22215",0.2,2,0.1
"13920",0,1,0
"22362",2,2,1
"22683",1.1,2,0.55
"3995",1.6,4,0.4
"1253",1,1,1
"27654",1.3,4,0.325
"29693",1,1,1
"31572",0.5,1,0.5
"1570",1.2,3,0.4
"31573",1.1,2,0.55
"2089",0.1,1,0.1
"29288",2,2,1
"4638",1,1,1
"4041",2,2,1
"1334",0,1,0
"22349",0.5,1,0.5
"21772",0.5,1,0.5
"9984",1.1,2,0.55
"1448",4.5,5,0.9
"29114",1,2,0.5
"13471",2,2,1
"1523",1.1,2,0.55
"31674",0.1,1,0.1
"4643",0.1,1,0.1
"22381",0.5,1,0.5
"1997",0.2,2,0.1
"1629",0.2,2,0.1
"4981",1.1,2,0.55
"1909",0.2,2,0.1
"30418",0.1,1,0.1
"14248",2,2,1
"2254",0.2,2,0.1
"2043",0.5,1,0.5
"1885",1,1,1
"1820",0.5,1,0.5
"4360",0.6,2,0.3
"3299",0.1,1,0.1
"22494",0.8,4,0.2
"1800",1,2,0.5
"3631",1.1,2,0.55
"4845",1.5,2,0.75
"13431",0.1,1,0.1
"33177",1,1,1
"3639",0.5,1,0.5
"5130",0.1,1,0.1
"22168",0.5,1,0.5
"29178",1,2,0.5
"1369",0.1,1,0.1
"670",1,1,1
"21637",0.1,1,0.1
"24574",0.1,1,0.1
"13542",0.1,1,0.1
"4268",1.2,3,0.4
"2251",2,2,1
"1725",1,1,1
"2288",0.1,1,0.1
"1130",0.1,1,0.1
"4659",1.1,2,0.55
"4806",1,1,1
"31634",1,1,1
"14294",0.2,2,0.1
"4945",1.2,3,0.4
"15119",1.1,2,0.55
"24548",2.1,3,0.7
"8742",2,2,1
"997",1,1,1
"4351",0,1,0
"2268",1.5,2,0.75
"10988",0,1,0
"8550",1.1,3,0.366666666666667
"14748",0.5,1,0.5
"31680",1,1,1
"8759",0.5,1,0.5
"22921",1,2,0.5
"2250",0,1,0
"24669",0.5,1,0.5
"1915",1,1,1
"1724",2,2,1
"3828",0.1,1,0.1
"1119",1,1,1
"1882",1.6,3,0.533333333333333
"1281",1,2,0.5
"1818",0.1,1,0.1
"29191",0.1,1,0.1
"1783",1.1,2,0.55
"24564",0.1,1,0.1
"24565",0.1,1,0.1
"7681",1,1,1
"2299",2.5,3,0.833333333333333
"4214",0.1,1,0.1
"1372",1,1,1
"3562",1,1,1
"14359",0.1,1,0.1
"4121",1,1,1
"589",0.1,1,0.1
"4569",0.1,1,0.1
"1683",0.2,2,0.1
"3860",2,2,1
"7429",1,1,1
"3978",0.1,1,0.1
"4690",0.1,1,0.1
"4878",1,1,1
"29546",1,1,1
"410",1.1,2,0.55
"22537",2,2,1
"29366",2,2,1
"31844",0.5,1,0.5
"4396",0.2,2,0.1
"302",1,1,1
"3862",0.5,1,0.5
"25509",1,1,1
"3265",0.5,1,0.5
"13177",0.1,1,0.1
"22496",0.1,1,0.1
"775",0.1,1,0.1
"8649",0.5,1,0.5
"1705",0.5,1,0.5
"23054",1,1,1
"3324",2,2,1
"22483",1,1,1
"29571",0.1,1,0.1
